{
  "Disabled": false,
  "Testing": false,
  "InstalledFromUrl": null,
  "IsThirdParty": false,
  "Author": "Youri",
  "Name": "MoneyTrack",
  "Punchline": "For when you want to know how much you spend/earn in ffxiv!",
  "Description": "For when you want to know how much you spend/earn in ffxiv!",
  "Changelog": null,
  "Tags": [
    "money",
    "plugin",
    "tracker"
  ],
  "CategoryTags": null,
  "IsHide": false,
  "InternalName": "ffxivMoneyTracker",
  "AssemblyVersion": null,
  "TestingAssemblyVersion": null,
  "IsTestingExclusive": false,
  "RepoUrl": null,
  "ApplicableVersion": "any",
  "DalamudApiLevel": 5,
  "DownloadCount": 0,
  "LastUpdate": 0,
  "DownloadLinkInstall": null,
  "DownloadLinkUpdate": null,
  "DownloadLinkTesting": null,
  "LoadPriority": 0,
  "ImageUrls": null,
  "IconUrl": null,
  "AcceptsFeedback": true,
  "FeedbackMessage": null,
  "FeedbackWebhook": null
}