{
  "Author": "Youri",
  "Name": "FFXIV Money Tracker",
  "InternalName": "XIVMoneyTracker",
  "AssemblyVersion": "0.0.4.6",
  "Description": "For when you want to know how much you spend/earn in ffxiv!",
  "ApplicableVersion": "any",
  "RepoUrl": "https://github.com/yschuurmans/FFXIVMoneyTracker",
  "Tags": [
    "money",
    "plugin",
    "tracker"
  ],
  "DalamudApiLevel": 8,
  "LoadRequiredState": 0,
  "LoadSync": false,
  "LoadPriority": 0,
  "Punchline": "For when you want to know how much you spend/earn in ffxiv!",
  "AcceptsFeedback": true
}